{
  "accuracy": 0.8976,
  "precision": 0.8994391025641025,
  "recall": 0.8958499600957701,
  "f1": 0.897640943622551
}